institutions_1                                                                          ,countries_1           ,institutions_2                                                      ,countries_2        , institutions_3                                    ,countries_3     ,institutions_4                                                     ,countries_4 ,institutions_5       ,countries_5 ,
University of Leipzig                                                                   ,Germany               ,                                                                    ,                   ,                                                   ,                ,                                                                   ,            ,                     ,            ,
University of Leipzig                                                                   ,Germany               ,                                                                    ,                   ,                                                   ,                ,                                                                   ,            ,                     ,            ,
"Center for Hellenic Studies, Harvard University"                                       ,USA                   ,                                                                    ,                   ,                                                   ,                ,                                                                   ,            ,                     ,            ,
"Tbilisi State University, Georgia"                                                     ,Georgia               ,"Tbilisi State University,Georgia"                                  ,Georgia            ,                                                   ,                ,                                                                   ,            ,                     ,            ,
"Deutsches Archäologisches Institut, Berlin"                                            ,Germany               ,                                                                    ,                   ,                                                   ,                ,                                                                   ,            ,                     ,            ,
University Lyon 2                                                                       ,France                ,Tufts University                                                    ,USA                ,                                                   ,                ,                                                                   ,            ,                     ,            ,
University Lyon 2                                                                       ,France                ,                                                                    ,                   ,                                                   ,                ,                                                                   ,            ,                     ,            ,
University of Leipzig                                                                   ,Germany               ,                                                                    ,                   ,                                                   ,                ,                                                                   ,            ,                     ,            ,
University of Sofia                                                                     ,Bulgaria              ,University of Sofia                                                 ,Bulgaria           ,                                                   ,                ,                                                                   ,            ,                     ,            ,
Universidade Estadual Paulista                                                          ,Brazil                ,                                                                    ,                   ,                                                   ,                ,                                                                   ,            ,                     ,            ,
University of Zagreb                                                                    ,Croatia               ,                                                                    ,                   ,                                                   ,                ,                                                                   ,            ,                     ,            ,
University of Leipzig                                                                   ,Germany               ,                                                                    ,                   ,                                                   ,                ,                                                                   ,            ,                     ,            ,
University of Leipzig                                                                   ,Germany               ,Tufts University / University of Leipzig                            ,USA / Germany      , "Center for Hellenic Studies, Harvard University" ,Greece          ,                                                                   ,            ,                     ,            ,
University of Leipzig                                                                   ,Germany               ,                                                                    ,                   ,                                                   ,                ,                                                                   ,            ,                     ,            ,
University of Leipzig                                                                   ,Germany               ,University of Oslo                                                  ,Norway             ,                                                   ,                ,                                                                   ,            ,                     ,            ,
University of Leipzig                                                                   ,Germany               ,                                                                    ,                   ,                                                   ,                ,                                                                   ,            ,                     ,            ,
University of London                                                                    ,England               ,University of Bari / University of Leipzig                          ,Italy / Germany    ,                                                   ,                ,                                                                   ,            ,                     ,            ,
University of Oslo                                                                      ,Norway                ,University of London                                                ,England            , King's College London                             ,England         ,                                                                   ,            ,                     ,            ,
Tufts University                                                                        ,USA                   ,University of London                                                ,England            , Tufts University                                  ,USA             ,University of Heidelberg                                           ,Germany     ,                     ,            ,
University of Florida                                                                   ,USA                   ,University of Florida                                               ,USA                , King's College London                             ,England         ,                                                                   ,            ,                     ,            ,
King's College London                                                                   ,England               ,University of London                                                ,England            ,                                                   ,                ,                                                                   ,            ,                     ,            ,
Franklin & Marshall College                                                             ,USA                   ,University of Iowa                                                  ,USA                , Tufts University                                  ,USA             ,"Rhodes College & Center for Hellenic Studies, Harvard University" ,Greece      ,                     ,            ,
University Lyon 2                                                                       ,France                ,                                                                    ,                   ,                                                   ,                ,                                                                   ,            ,                     ,            ,
Paris Nanterre University                                                               ,France                ,                                                                    ,                   ,                                                   ,                ,                                                                   ,            ,                     ,            ,
University of Florida                                                                   ,USA                   ,                                                                    ,                   ,                                                   ,                ,                                                                   ,            ,                     ,            ,
"Ain Shams University, Cairo / University of Heidelberg"                                ,Egypt / Germany       ,Tufts University                                                    ,USA                ,                                                   ,                ,                                                                   ,            ,                     ,            ,
University of Bari / University of Leipzig                                              ,Italy / Germany       ,University of Leipzig                                               ,Germany            ,                                                   ,                ,                                                                   ,            ,                     ,            ,
University of Zagreb                                                                    ,Croatia               ,University of Zagreb                                                ,Croatia            , University of Zagreb                              ,Croatia         ,University of Zagreb                                               ,Croatia     ,                     ,            ,
Universidade Estadual Paulista                                                          ,Brazil                ,                                                                    ,                   ,                                                   ,                ,                                                                   ,            ,                     ,            ,
"Tbilisi State University, Georgia"                                                     ,Georgia               ,                                                                    ,                   ,                                                   ,                ,                                                                   ,            ,                     ,            ,
University of Freiburg                                                                  ,Germany               ,University of Leipzig                                               ,Germany            , University of Bari / University of Leipzig        ,Italy / Germany ,                                                                   ,            ,                     ,            ,
University of Leipzig                                                                   ,Germany               ,University of Freiburg                                              ,Germany            ,                                                   ,                ,                                                                   ,            ,                     ,            ,
University of Leipzig                                                                   ,Germany               ,Tufts University / University of Leipzig                            ,USA / Germany      ,                                                   ,                ,                                                                   ,            ,                     ,            ,
"Tbilisi State University, Georgia"                                                     ,Georgia               ,                                                                    ,                   ,                                                   ,                ,                                                                   ,            ,                     ,            ,
University of Sofia                                                                     ,Bulgaria              ,                                                                    ,                   ,                                                   ,                ,                                                                   ,            ,                     ,            ,
University of Leipzig                                                                   ,Germany               ,                                                                    ,                   ,                                                   ,                ,                                                                   ,            ,                     ,            ,
University of London                                                                    ,England               ,                                                                    ,                   ,                                                   ,                ,                                                                   ,            ,                     ,            ,
"Institute for the Study of the Ancient World, New York University"                     ,USA                   ,                                                                    ,                   ,                                                   ,                ,                                                                   ,            ,                     ,            ,
King's College London                                                                   ,England               ,"Ain Shams University,Cairo / University of Heidelberg"             ,Egypt / Germany    , University of London                              ,England         ,                                                                   ,            ,                     ,            ,
King's College London                                                                   ,England               ,                                                                    ,                   ,                                                   ,                ,                                                                   ,            ,                     ,            ,
"Institute for the Study of the Ancient World, New York University"                     ,USA                   ,                                                                    ,                   ,                                                   ,                ,                                                                   ,            ,                     ,            ,
Lancaster University                                                                    ,England               ,                                                                    ,                   ,                                                   ,                ,                                                                   ,            ,                     ,            ,
Roehampton University                                                                   ,England               ,University of Exeter                                                ,England            ,                                                   ,                ,                                                                   ,            ,                     ,            ,
"Institute for the Study of the Ancient World, New York University"                     ,USA                   ,"Institute for the Study of the Ancient World, New York University" ,USA                ,                                                   ,                ,                                                                   ,            ,                     ,            ,
Institute of Historical Research                                                        ,England               ,Institute of Historical Research                                    ,England            , School of Advanced Study                          ,England         ,                                                                   ,            ,                     ,            ,
Katholieke Universiteit Leuven                                                          ,Belgium               ,University of London                                                ,England            ,                                                   ,                ,                                                                   ,            ,                     ,            ,
King's College London                                                                   ,England               ,                                                                    ,                   ,                                                   ,                ,                                                                   ,            ,                     ,            ,
University of Leipzig                                                                   ,Germany               ,                                                                    ,                   ,                                                   ,                ,                                                                   ,            ,                     ,            ,
University of Leipzig / University of Bari                                              ,Germany / Italy       ,King's College London                                               ,England            ,                                                   ,                ,                                                                   ,            ,                     ,            ,
University of London                                                                    ,England               ,King's College London                                               ,England            ,                                                   ,                ,                                                                   ,            ,                     ,            ,
University of Sofia                                                                     ,Bulgaria              ,University of Helsinki                                              ,Finland            ,                                                   ,                ,                                                                   ,            ,                     ,            ,
University of Oslo                                                                      ,Norway                ,                                                                    ,                   ,                                                   ,                ,                                                                   ,            ,                     ,            ,
University of Leipzig                                                                   ,Germany               ,                                                                    ,                   ,                                                   ,                ,                                                                   ,            ,                     ,            ,
"Ain Shams University, Cairo"                                                           ,Egypt                 ,                                                                    ,                   ,                                                   ,                ,                                                                   ,            ,                     ,            ,
"Babeș-Bolyai University, Cluj-Napoca"                                                  ,Romania               ,University of London                                                ,England            ,                                                   ,                ,                                                                   ,            ,                     ,            ,
University of Oslo                                                                      ,Norway                ,Alan Turing Institute / University of Cambridge                     ,England            ,                                                   ,                ,                                                                   ,            ,                     ,            ,
"Deutsches Archäologisches Institut, Berlin"                                            ,Germany               ,"Deutsches Archäologisches Institut,Berlin"                         ,Germany            ,                                                   ,                ,                                                                   ,            ,                     ,            ,
University of Florida                                                                   ,USA                   ,Universidade Estadual Paulista                                      ,Brazil             ,                                                   ,                ,                                                                   ,            ,                     ,            ,
"Tbilisi State University, Georgia"                                                     ,Georgia               ,                                                                    ,                   ,                                                   ,                ,                                                                   ,            ,                     ,            ,
University of Tehran                                                                    ,Iran                  ,University of Tehran                                                ,Iran               ,                                                   ,                ,                                                                   ,            ,                     ,            ,
"Deutsches Archäologisches Institut, Berlin"                                            ,Germany               ,"Deutsches Archäologisches Institut,Berlin"                         ,Germany            ,                                                   ,                ,                                                                   ,            ,                     ,            ,
University of Oslo                                                                      ,Norway                ,                                                                    ,                   ,                                                   ,                ,                                                                   ,            ,                     ,            ,
University of Leipzig                                                                   ,Germany               ,University of London                                                ,England            , University of London                              ,England         ,                                                                   ,            ,                     ,            ,
University of Parma / University of Trier                                               ,Italy / Germany       ,University of Helsinki                                              ,Finland            , University of London                              ,England         ,                                                                   ,            ,                     ,            ,
University of Leipzig                                                                   ,Germany               ,University of Tehran                                                ,Iran               ,                                                   ,                ,                                                                   ,            ,                     ,            ,
University of Leipzig                                                                   ,Germany               ,                                                                    ,                   ,                                                   ,                ,                                                                   ,            ,                     ,            ,
University of Zagreb                                                                    ,Croatia               ,                                                                    ,                   ,                                                   ,                ,                                                                   ,            ,                     ,            ,
University of Freiburg                                                                  ,Germany               ,                                                                    ,                   ,                                                   ,                ,                                                                   ,            ,                     ,            ,
University of Sofia                                                                     ,Bulgaria              ,University of Sofia                                                 ,Bulgaria           , University of Sofia                               ,Bulgaria        ,                                                                   ,            ,                     ,            ,
University of Leipzig / University of Bari                                              ,Germany / Italy       ,University of London                                                ,England            , University of Leipzig                             ,Germany         ,                                                                   ,            ,                     ,            ,
University of Leipzig                                                                   ,Germany               ,                                                                    ,                   ,                                                   ,                ,                                                                   ,            ,                     ,            ,
University of London                                                                    ,England               ,"Institute for the Study of the Ancient World, New York University" ,USA                , University of London                              ,England         ,"Babeș-Bolyai University, Cluj-Napoca"                             ,Romania     ,                     ,            ,
King's College London                                                                   ,England               ,                                                                    ,                   ,                                                   ,                ,                                                                   ,            ,                     ,            ,
Open University                                                                         ,England               ,University of London                                                ,England            ,                                                   ,                ,                                                                   ,            ,                     ,            ,
Open University                                                                         ,England               ,University of London                                                ,England            ,                                                   ,                ,                                                                   ,            ,                     ,            ,
University of Leipzig / University of Bari                                              ,Germany / Italy       ,"Institute for the Study of the Ancient World, New York University" ,USA                ,                                                   ,                ,                                                                   ,            ,                     ,            ,
University of London                                                                    ,England               ,"Institute for the Study of the Ancient World ,New York University" ,USA                , "Babeș-Bolyai University, Cluj-Napoca"            ,Romania         ,                                                                   ,            ,                     ,            ,
"Deutsches Archäologisches Institut, Berlin / École polytechnique fédérale de Lausanne" ,Germany / Switzerland ,University of London                                                ,England            ,                                                   ,                ,                                                                   ,            ,                     ,            ,
King's College London                                                                   ,England               ,University of London                                                ,England            , University of London                              ,England         ,                                                                   ,            ,                     ,            ,
University of London                                                                    ,England               ,"Babeș-Bolyai University,Cluj-Napoca"                               ,Romania            ,                                                   ,                ,                                                                   ,            ,                     ,            ,
King's College London                                                                   ,England               ,University of Bonn                                                  ,Germany            , University of London                              ,England         ,                                                                   ,            ,                     ,            ,
King's College London                                                                   ,England               ,SketchFab                                                           ,England            , University of London                              ,England         ,                                                                   ,            ,                     ,            ,
University of London                                                                    ,England               ,University of London                                                ,England            , University of Virginia                            ,USA             ,                                                                   ,            ,                     ,            ,
University of Bordeaux                                                                  ,France                ,University of Pittsburgh                                            ,USA                ,                                                   ,                ,                                                                   ,            ,                     ,            ,
University of London                                                                    ,England               ,University of Reading                                               ,England            , SketchFab                                         ,England         ,                                                                   ,            ,                     ,            ,
University of Leipzig                                                                   ,Germany               ,University of Leipzig                                               ,Germany            , University of Tehran                              ,Iran            ,University of London                                               ,England     ,                     ,            ,
University of London                                                                    ,England               ,University of London                                                ,England            , University of London                              ,England         ,                                                                   ,            ,                     ,            ,
University of Leipzig                                                                   ,Germany               ,University of London                                                ,England            , University of Köln                                ,Germany         ,                                                                   ,            ,                     ,            ,
University of Leipzig                                                                   ,Germany               ,University of London                                                ,England            ,                                                   ,                ,                                                                   ,            ,                     ,            ,
University of London                                                                    ,England               ,University of London                                                ,England            , University of London                              ,England         ,                                                                   ,            ,                     ,            ,
University of Helsinki                                                                  ,Finland               ,University of Sofia / University of London                          ,Bulgaria/ England  ,                                                   ,                ,                                                                   ,            ,                     ,            ,
University of Oslo                                                                      ,Norway                ,"Deutsches Archäologisches Institut,Berlin"                         ,Germany            ,                                                   ,                ,                                                                   ,            ,                     ,            ,
"Deutsches Archäologisches Institut, Berlin"                                            ,Germany               ,University of London                                                ,England            ,                                                   ,                ,                                                                   ,            ,                     ,            ,
Alan Turing Institute / University of Cambridge                                         ,England               ,École polytechnique fédérale de Lausanne                            ,Switzerland        ,                                                   ,                ,                                                                   ,            ,                     ,            ,
Duke University                                                                         ,USA                   ,University of London                                                ,England            ,                                                   ,                ,                                                                   ,            ,                     ,            ,
"Institute for the Study of the Ancient World, New York University"                     ,USA                   ,                                                                    ,                   ,                                                   ,                ,                                                                   ,            ,                     ,            ,
Eldarion                                                                                ,USA                   ,                                                                    ,                   ,                                                   ,                ,                                                                   ,            ,                     ,            ,
University of Florida                                                                   ,USA                   ,Universidade Estadual Paulista                                      ,Brazil             ,                                                   ,                ,                                                                   ,            ,                     ,            ,
University of Leipzig / University of Bari                                              ,Germany / Italy       ,University of London                                                ,England            ,                                                   ,                ,                                                                   ,            ,                     ,            ,
"Babeș-Bolyai University, Cluj-Napoca"                                                  ,Romania               ,University of London                                                ,England            ,                                                   ,                ,                                                                   ,            ,                     ,            ,
University of Florida                                                                   ,USA                   ,University of Florida                                               ,USA                ,                                                   ,                ,                                                                   ,            ,                     ,            ,
University of Zagreb                                                                    ,Croatia               ,University of Zagreb                                                ,Croatia            , University of Zagreb                              ,Croatia         ,                                                                   ,            ,                     ,            ,
University of Leipzig                                                                   ,Germany               ,University of Tehran                                                ,Iran               , University of Tehran                              ,Iran            ,                                                                   ,            ,                     ,            ,
University of Parma                                                                     ,Italy                 ,University of Helsinki                                              ,Finland            ,                                                   ,                ,                                                                   ,            ,                     ,            ,
University of London                                                                    ,England               ,                                                                    ,                   ,                                                   ,                ,                                                                   ,            ,                     ,            ,
University of Leipzig                                                                   ,Germany               ,University of Leipzig                                               ,Germany            , University of Leipzig                             ,Germany         ,University of Leipzig                                              ,Germany     ,                     ,            ,
Binghamton University                                                                   ,USA                   ,University of Pittsburgh                                            ,USA                , University of London                              ,England         ,                                                                   ,            ,                     ,            ,
Open University                                                                         ,England               ,British Library                                                     ,England            , University of London                              ,England         ,                                                                   ,            ,                     ,            ,
University of London                                                                    ,England               ,University of London                                                ,England            ,                                                   ,                ,                                                                   ,            ,                     ,            ,
"Babeș-Bolyai University, Cluj-Napoca"                                                  ,Romania               ,"Babeș-Bolyai University,Cluj-Napoca"                               ,Romania            , University of Lancaster                           ,England         ,                                                                   ,            ,                     ,            ,
University of South Florida                                                             ,USA                   ,University of London                                                ,England            , University of Portsmouth                          ,England         ,                                                                   ,            ,                     ,            ,
University of London                                                                    ,England               ,University of London                                                ,England            , Duke University                                   ,USA             ,"Institute for the Study of the Ancient World,New York University" ,USA         ,University of Oxford ,England     ,
SketchFab                                                                               ,France / USA          ,Glasgow University                                                  ,England            , University of London                              ,England         ,                                                                   ,            ,                     ,            ,
University of Oxford                                                                    ,England               ,                                                                    ,                   ,                                                   ,                ,                                                                   ,            ,                     ,            ,
University of London                                                                    ,England               ,King's College London                                               ,England            , University of Exeter                              ,England         ,                                                                   ,            ,                     ,            ,
University of London                                                                    ,England               ,Brown University                                                    ,USA                ,                                                   ,                ,                                                                   ,            ,                     ,            ,
University of Chicago                                                                   ,USA                   ,Alpheios                                                            ,Alpheios           , University of Helsinki                            ,Finland         ,                                                                   ,            ,                     ,            ,
Boğaziçi University                                                                     ,Turkey                ,Haifa University                                                    ,Israel             , University of London                              ,England         ,                                                                   ,            ,                     ,            ,
Birkbeck University                                                                     ,England               ,University of London                                                ,England            ,                                                   ,                ,                                                                   ,            ,                     ,            ,
University of Helsinki                                                                  ,Finland               ,University of Helsinki                                              ,Finland            ,                                                   ,                ,                                                                   ,            ,                     ,            ,
University of Leipzig                                                                   ,Germany               ,University of Tehran                                                ,Iran               ,                                                   ,                ,                                                                   ,            ,                     ,            ,
University of Helsinki                                                                  ,Finland               ,"Università Cattolica del Sacro Cuore, Milan"                       ,Italy              ,                                                   ,                ,                                                                   ,            ,                     ,            ,
University of London                                                                    ,England               ,University of London                                                ,England            ,                                                   ,                ,                                                                   ,            ,                     ,            ,
University of Ghent                                                                     ,Belgium               ,University of Basel                                                 ,Switzerland        , King's College London                             ,England         ,                                                                   ,            ,                     ,            ,
Kraków University                                                                       ,Poland                ,University of Nebraska-Lincoln                                      ,USA                , University of London                              ,England         ,                                                                   ,            ,                     ,            ,
University of Leipzig                                                                   ,Germany               ,                                                                    ,                   ,                                                   ,                ,                                                                   ,            ,                     ,            ,
"Istituto di Linguistica Computazionale «A. Zampolli», CNR, Pisa"                       ,Italy                 ,"Istituto di Linguistica Computazionale «A. Zampolli», CNR, Pisa"   ,Italy              ,                                                   ,                ,                                                                   ,            ,                     ,            ,
University of Zagreb                                                                    ,Croatia               ,                                                                    ,                   ,                                                   ,                ,                                                                   ,            ,                     ,            ,
University of Florida                                                                   ,USA                   ,University of Florida                                               ,USA                ,                                                   ,                ,                                                                   ,            ,                     ,            ,
University of Florida                                                                   ,USA                   ,                                                                    ,                   ,                                                   ,                ,                                                                   ,            ,                     ,            ,
University of Oklahoma                                                                  ,USA                   ,                                                                    ,                   ,                                                   ,                ,                                                                   ,            ,                     ,            ,
Furman University                                                                       ,USA                   ,                                                                    ,                   ,                                                   ,                ,                                                                   ,            ,                     ,            ,
University of Leipzig                                                                   ,Germany               ,University of London                                                ,England            , Heidelberg Academy of Sciences and Humanities     ,Germany         ,"Ilia State University, Georgia"                                   ,Georgia     ,                     ,            ,
University of Zagreb                                                                    ,Croatia               ,University of Zagreb                                                ,Croatia            ,                                                   ,                ,                                                                   ,            ,                     ,            ,
University of London                                                                    ,England               ,University of Leipzig / Stellenbosch University                     ,Germany / South Afr,                                                   ,                ,                                                                   ,            ,                     ,            ,
Universidade Estadual Paulista                                                          ,Brazil                ,Universidade Estadual Paulista                                      ,Brazil             , Universidade Estadual Paulista                    ,Brazil          ,                                                                   ,            ,                     ,            ,
Eldarion                                                                                ,USA                   ,                                                                    ,                   ,                                                   ,                ,                                                                   ,            ,                     ,            ,
University of the Pacific                                                               ,USA                   ,                                                                    ,                   ,                                                   ,                ,                                                                   ,            ,                     ,            ,
British Library                                                                         ,England               ,British Library                                                     ,England            ,                                                   ,                ,                                                                   ,            ,                     ,            ,
University of London                                                                    ,England               ,King's College London                                               ,England            , University of London                              ,England         ,University of Leiden                                               ,Netherlands ,                     ,            ,
"Ain Shams University, Cairo"                                                           ,Egypt                 ,"Royal Holloway University, London"                                 ,England            , University of Lancaster                           ,England         ,                                                                   ,            ,                     ,            ,
University of Amsterdam / University of Leiden                                          ,Netherlands           ,Cyprus Institute / University of Ghent                              ,Cyprus/Belgium     , University of London                              ,England         ,                                                                   ,            ,                     ,            ,
University of Göteborg                                                                  ,Sweden                ,"Institute for the Study of the Ancient World, New York University" ,USA                , University of London                              ,England         ,                                                                   ,            ,                     ,            ,
University of London                                                                    ,England               ,Open University                                                     ,England            , École polytechnique fédérale de Lausanne          ,Switzerland     ,                                                                   ,            ,                     ,            ,
University of London                                                                    ,England               ,Wikimedia UK                                                        ,England            , University of Exeter                              ,England         ,                                                                   ,            ,                     ,            ,
Furman University                                                                       ,USA                   ,"University of Massachusetts, Amherst"                              ,USA                ,                                                   ,                ,                                                                   ,            ,                     ,            ,
King's College London                                                                   ,England               ,British Library                                                     ,England            ,                                                   ,                ,                                                                   ,            ,                     ,            ,
University of London                                                                    ,England               ,Alan Turing Institute / University of Cambridge                     ,England            , University College London                         ,England         ,                                                                   ,            ,                     ,            ,
University of London                                                                    ,England               ,University of London                                                ,England            , University of Hamburg                             ,Germany         ,Wikimedia UK                                                       ,England     ,                     ,            ,
University of London                                                                    ,England               ,University of Exeter                                                ,England            ,                                                   ,                ,                                                                   ,            ,                     ,            ,
Open University / The Watercolour World                                                 ,England               ,École polytechnique fédérale de Lausanne                            ,Switzerland        ,                                                   ,                ,                                                                   ,            ,                     ,            ,
University of London                                                                    ,England               ,University of Köln                                                  ,Germany            , University of Nottingham                          ,England         ,                                                                   ,            ,                     ,            ,
University of Nebraska-Lincoln                                                          ,USA                   ,University of Helsinki                                              ,Finland            ,                                                   ,                ,                                                                   ,            ,                     ,            ,
Furman University                                                                       ,USA                   ,University of Leipzig                                               ,Germany            ,                                                   ,                ,                                                                   ,            ,                     ,            ,
"Università Cattolica del Sacro Cuore, Milan"                                           ,Italy                 ,Katholieke Universiteit Leuven                                      ,Belgium            ,                                                   ,                ,                                                                   ,            ,                     ,            ,
Paris Nanterre University                                                               ,France                ,École polytechnique fédérale de Lausanne                            ,Switzerland        ,                                                   ,                ,                                                                   ,            ,                     ,            ,
University of Leipzig                                                                   ,Germany               ,University of Sofia                                                 ,Bulgaria           ,                                                   ,                ,                                                                   ,            ,                     ,            ,
University of Sofia                                                                     ,Bulgaria              ,                                                                    ,                   ,                                                   ,                ,                                                                   ,            ,                     ,            ,
University of Leipzig                                                                   ,Germany               ,University of Sofia                                                 ,Bulgaria           ,                                                   ,                ,                                                                   ,            ,                     ,            ,
University of Sofia                                                                     ,Bulgaria              ,Paris Sorbonne University                                           ,France             , Frankfurt Big Data Lab                            ,Germany         ,                                                                   ,            ,                     ,            ,
University of Leipzig                                                                   ,Germany               ,"Babeș-Bolyai University,Cluj-Napoca"                               ,Romania            ,                                                   ,                ,                                                                   ,            ,                     ,            ,
University of Leipzig                                                                   ,Germany               ,                                                                    ,                   ,                                                   ,                ,                                                                   ,            ,                     ,            ,
University of Leipzig                                                                   ,Germany               ,                                                                    ,                   ,                                                   ,                ,                                                                   ,            ,                     ,            ,
Furman University                                                                       ,USA                   ,Universidade Estadual Paulista                                      ,Brazil             ,                                                   ,                ,                                                                   ,            ,                     ,            ,
University of Exeter                                                                    ,England               ,                                                                    ,                   ,                                                   ,                ,                                                                   ,            ,                     ,            ,
University of Florida                                                                   ,USA                   ,                                                                    ,                   ,                                                   ,                ,                                                                   ,            ,                     ,            ,
University of Florida                                                                   ,USA                   ,University of Florida                                               ,USA                ,                                                   ,                ,                                                                   ,            ,                     ,            ,
"Babeș-Bolyai University, Cluj-Napoca"                                                  ,Romania               ,"CY Tech, CY Cergy Paris University"                                ,France             ,                                                   ,                ,                                                                   ,            ,                     ,            ,
University of Oxford / University of Reading                                            ,England               ,                                                                    ,                   ,                                                   ,                ,                                                                   ,            ,                     ,            ,
University of Exeter                                                                    ,England               ,                                                                    ,                   ,                                                   ,                ,                                                                   ,            ,                     ,            ,
University of Leipzig                                                                   ,Germany               ,University of London                                                ,England            , University of Bologna                             ,Italy           ,                                                                   ,            ,                     ,            ,
University of London                                                                    ,England               ,University of Exeter                                                ,England            , University of Bologna                             ,Italy           ,                                                                   ,            ,                     ,            ,
University of London                                                                    ,England               ,Paris Sorbonne University                                           ,France             , University of Bologna                             ,Italy           ,                                                                   ,            ,                     ,            ,
Katholieke Universiteit Leuven                                                          ,Belgium               ,University of Surrey                                                ,England            , University of Oxford                              ,England         ,                                                                   ,            ,                     ,            ,
University of Leipzig                                                                   ,Germany               ,British Library                                                     ,England            ,                                                   ,                ,                                                                   ,            ,                     ,            ,
University of Leipzig                                                                   ,Germany               ,University of London                                                ,England            , Wikimedia UK                                      ,England         ,                                                                   ,            ,                     ,            ,
University of Lausanne                                                                  ,Switzerland           ,University of Nebraska-Lincoln                                      ,USA                , University of Helsinki                            ,Finland         ,University of Helsinki                                             ,Finland     ,                     ,            ,
University of Leipzig                                                                   ,Germany               ,Furman University                                                   ,USA                ,                                                   ,                ,                                                                   ,            ,                     ,            ,
Paris Nanterre University                                                               ,France                ,University of London                                                ,England            , University of London                              ,England         ,                                                                   ,            ,                     ,            ,
University of London                                                                    ,England               ,Indiana University                                                  ,USA                , Recollection Heritage                             ,Netherlands     ,                                                                   ,            ,                     ,            ,
A Street Near You                                                                       ,                      ,British Library                                                     ,England            ,                                                   ,                ,                                                                   ,            ,                     ,            ,
Smithsonian Institute                                                                   ,USA                   ,Creative Commons                                                    ,USA                , University of London                              ,England         ,University of Exeter                                               ,England     ,                     ,            ,
Yale University                                                                         ,USA                   ,Austrian Institute of Technology                                    ,Austria            , British Library                                   ,England         ,                                                                   ,            ,                     ,            ,
Creative Commons                                                                        ,USA                   ,Palestine Open Maps                                                 ,Canada             , University of Exeter                              ,England         ,                                                                   ,            ,                     ,            ,
University of Antwerp                                                                   ,Belgium               ,"University of Massachusetts,Amherst"                               ,USA                ,                                                   ,                ,                                                                   ,            ,                     ,            ,
SketchFab                                                                               ,France/USA            ,Bournemouth University                                              ,England            , Recollection Heritage                             ,Netherlands     ,                                                                   ,            ,                     ,            ,
Europeana Foundation                                                                    ,Netherlands           ,University of Exeter                                                ,England            , University of Exeter                              ,England         ,                                                                   ,            ,                     ,            ,
University of Leiden                                                                    ,Netherlands           ,University of Amsterdam                                             ,Netherlands        , Recollection Heritage                             ,Netherlands     ,                                                                   ,            ,                     ,            ,
University of Leipzig                                                                   ,Germany               ,University of London                                                ,England            , King's College London                             ,England         ,                                                                   ,            ,                     ,            ,
University of Bologna                                                                   ,Italy                 ,University of London                                                ,England            , University of Bologna                             ,Italy           ,                                                                   ,            ,                     ,            ,
Brown University                                                                        ,USA                   ,Brown University                                                    ,USA                ,                                                   ,                ,                                                                   ,            ,                     ,            ,
University of Lausanne                                                                  ,Switzerland           ,                                                                    ,                   ,                                                   ,                ,                                                                   ,            ,                     ,            ,
Katholieke Universiteit Leuven                                                          ,Belgium               ,Katholieke Universiteit Leuven                                      ,Belgium            ,                                                   ,                ,                                                                   ,            ,                     ,            ,
Eldarion                                                                                ,USA                   ,University of Oxford                                                ,England            ,                                                   ,                ,                                                                   ,            ,                     ,            ,
University of Bordeaux                                                                  ,France                ,                                                                    ,                   ,                                                   ,                ,                                                                   ,            ,                     ,            ,
University of Leipzig                                                                   ,Germany               ,University of London                                                ,England            ,                                                   ,                ,                                                                   ,            ,                     ,            ,
Open University                                                                         ,England               ,King's College London                                               ,England            ,                                                   ,                ,                                                                   ,            ,                     ,            ,
École polytechnique fédérale de Lausanne                                                ,Switzerland           ,                                                                    ,                   ,                                                   ,                ,                                                                   ,            ,                     ,            ,
University of Oklahoma                                                                  ,USA                   ,                                                                    ,                   ,                                                   ,                ,                                                                   ,            ,                     ,            ,
University of Leipzig                                                                   ,Germany               ,University of Leipzig                                               ,Germany            ,                                                   ,                ,                                                                   ,            ,                     ,            ,
"University of California, Berkeley"                                                    ,USA                   ,University of Leipzig                                               ,Germany            ,                                                   ,                ,                                                                   ,            ,                     ,            ,
Fondazione Museo delle Antichità Egizie di Torino                                       ,Italy                 ,University of Leipzig                                               ,Germany            ,                                                   ,                ,                                                                   ,            ,                     ,            ,
University of London                                                                    ,England               ,Durham University                                                   ,England            , Katholieke Universiteit Leuven                    ,Belgium         ,Eldarion                                                           ,USA         ,                     ,            ,
University of London                                                                    ,England               ,University of Helsinki                                              ,Finland            ,                                                   ,                ,                                                                   ,            ,                     ,            ,
Paris Nanterre University                                                               ,France                ,University of London                                                ,England            , University of London                              ,England         ,                                                                   ,            ,                     ,            ,
University of London                                                                    ,England               ,Mississippi State University                                        ,USA                ,                                                   ,                ,                                                                   ,            ,                     ,            ,
University of London                                                                    ,England               ,University of Milan                                                 ,Italy              , University of Helsinki                            ,Finland         ,                                                                   ,            ,                     ,            ,
                                                                                        ,                      ,                                                                    ,                   ,                                                   ,                ,                                                                   ,            ,                     ,            ,
Furman University                                                                       ,USA                   ,University of Leipzig                                               ,Germany            , "Tbilisi State University, Georgia"               ,Georgia         ,                                                                   ,            ,                     ,            ,
University of Leipzig                                                                   ,Germany               ,Alan Turing Institute                                               ,England            ,                                                   ,                ,                                                                   ,            ,                     ,            ,
Katholieke Universiteit Leuven                                                          ,Belgium               ,University of Oxford                                                ,England            ,                                                   ,                ,                                                                   ,            ,                     ,            ,
University of London                                                                    ,England               ,Wikimedia UK                                                        ,England            , King's College London                             ,England         ,                                                                   ,            ,                     ,            ,
British Museum                                                                          ,England               ,Museo Egizio Torino                                                 ,Italy              ,                                                   ,                ,                                                                   ,            ,                     ,            ,
University of London                                                                    ,England               ,British Museum                                                      ,England            , "Fitzwilliam Museum, University of Cambridge"     ,England         ,                                                                   ,            ,                     ,            ,
British Museum                                                                          ,England               ,University of London / Science Museum Group                         ,England            , British Library                                   ,England         ,                                                                   ,            ,                     ,            ,
Hebrew University of Jerusalem                                                          ,Israel                ,University of Oxford                                                ,England            , University of London                              ,England         ,                                                                   ,            ,                     ,            ,
British Museum                                                                          ,England               ,Alan Turing Institute                                               ,England            ,                                                   ,                ,                                                                   ,            ,                     ,            ,
Europeana Foundation                                                                    ,                      ,University of Exeter                                                ,England            ,                                                   ,                ,                                                                   ,            ,                     ,            ,
University of Toronto                                                                   ,Canada                ,"University of Massachusetts,Amherst"                               ,USA                ,                                                   ,                ,                                                                   ,            ,                     ,            ,
Universitat Jaume I                                                                     ,Spain                 ,New York University                                                 ,USA                ,                                                   ,                ,                                                                   ,            ,                     ,            ,
University of Nebraska Lincoln                                                          ,USA                   ,Tufts University                                                    ,USA                ,                                                   ,                ,                                                                   ,            ,                     ,            ,
University of London                                                                    ,England               ,University of London                                                ,England            , University of Helsinki                            ,Finland         ,                                                                   ,            ,                     ,            ,
University of London                                                                    ,England               ,Liceo Classico G. Pantaleo - Castelvetrano (TP)                     ,Italy              , La Sapienza University of Rome                    ,Italy           ,                                                                   ,            ,                     ,            ,
Université de Neuchâtel                                                                 ,Switzerland           ,Università Cattolica del Sacro Cuore-Milan                          ,Italy              ,                                                   ,                ,                                                                   ,            ,                     ,            ,
University of Leipzig                                                                   ,Germany               ,Tel Aviv University-University of London                            ,Israel/England     ,                                                   ,                ,                                                                   ,            ,                     ,            ,